[
  {
    "id": "13fc8a57-3122-4899-9f62-a6e26925e42f",
    "data": [
      {
        "text": "hey bot make me laugh",
        "userDefined": false
      }
    ],
    "isTemplate": false,
    "count": 0,
    "updated": 0
  },
  {
    "id": "8b738fa3-2ae5-43f6-a136-ba77fc85868d",
    "data": [
      {
        "text": "humor",
        "userDefined": false
      }
    ],
    "isTemplate": false,
    "count": 0,
    "updated": 0
  },
  {
    "id": "e962b656-98b9-4e11-9fe4-35253bb3b8fb",
    "data": [
      {
        "text": "joke",
        "userDefined": false
      }
    ],
    "isTemplate": false,
    "count": 0,
    "updated": 0
  },
  {
    "id": "342c8e0f-6fe8-4c1e-8990-bc78ef838192",
    "data": [
      {
        "text": "tell me a dad joke",
        "userDefined": false
      }
    ],
    "isTemplate": false,
    "count": 0,
    "updated": 0
  },
  {
    "id": "1092c7ca-a772-4c93-b14a-5b9f7c4610cf",
    "data": [
      {
        "text": "Make me cringe",
        "userDefined": false
      }
    ],
    "isTemplate": false,
    "count": 0,
    "updated": 0
  },
  {
    "id": "58feb5d3-2c88-4197-afb7-a7c926188484",
    "data": [
      {
        "text": "Make me laugh",
        "userDefined": false
      }
    ],
    "isTemplate": false,
    "count": 0,
    "updated": 0
  },
  {
    "id": "22536783-0c42-4bab-8b31-462f24d70d97",
    "data": [
      {
        "text": "tell me a corny joke",
        "userDefined": false
      }
    ],
    "isTemplate": false,
    "count": 0,
    "updated": 0
  },
  {
    "id": "8c1dc759-3c8d-4ba1-8561-c9dd66be4f35",
    "data": [
      {
        "text": "Tell me a dadjoke",
        "userDefined": false
      }
    ],
    "isTemplate": false,
    "count": 0,
    "updated": 0
  },
  {
    "id": "7d8b884a-c20d-4e33-a562-6cc06dc0051c",
    "data": [
      {
        "text": "Tell me a joke",
        "userDefined": false
      }
    ],
    "isTemplate": false,
    "count": 0,
    "updated": 0
  }
]