[
  {
    "id": "f403f1c0-9925-4eeb-a627-36b61456bcc9",
    "data": [
      {
        "text": "please show the kitchen sink example",
        "userDefined": false
      }
    ],
    "isTemplate": false,
    "count": 0,
    "updated": 0
  },
  {
    "id": "3f67359e-93c3-4c18-9d8a-d8f45e70a2f8",
    "data": [
      {
        "text": "kitchen sink example",
        "userDefined": false
      }
    ],
    "isTemplate": false,
    "count": 0,
    "updated": 0
  },
  {
    "id": "5ffed872-70ee-4e02-9f75-7c026a3da122",
    "data": [
      {
        "text": "I want to see the kitchen sink example",
        "userDefined": false
      }
    ],
    "isTemplate": false,
    "count": 0,
    "updated": 0
  },
  {
    "id": "3b93adaa-1728-4ea1-afe2-23b2953f6dea",
    "data": [
      {
        "text": "kitchen sink now",
        "userDefined": false
      }
    ],
    "isTemplate": false,
    "count": 0,
    "updated": 0
  },
  {
    "id": "87d4b3d7-10c1-4477-ba53-d055340f0d75",
    "data": [
      {
        "text": "kitchen sink",
        "userDefined": false
      }
    ],
    "isTemplate": false,
    "count": 0,
    "updated": 0
  },
  {
    "id": "ab0fe1c3-a8c8-42de-969d-c05f4d2de9fe",
    "data": [
      {
        "text": "show me kitchensink",
        "userDefined": false
      }
    ],
    "isTemplate": false,
    "count": 0,
    "updated": 0
  },
  {
    "id": "d7216129-0563-432f-8000-40cfa5483380",
    "data": [
      {
        "text": "kitchensink",
        "userDefined": false
      }
    ],
    "isTemplate": false,
    "count": 0,
    "updated": 0
  }
]