[
  {
    "id": "7899e87c-6e20-408d-92bf-09e9b46fb0ce",
    "data": [
      {
        "text": "Give me a ",
        "userDefined": false
      },
      {
        "text": "large",
        "alias": "icecream-size",
        "meta": "@icecream-size",
        "userDefined": false
      },
      {
        "text": " ",
        "userDefined": false
      },
      {
        "text": "chocolate",
        "alias": "icecream-flavor",
        "meta": "@icecream-flavor",
        "userDefined": false
      }
    ],
    "isTemplate": false,
    "count": 0,
    "updated": 0
  },
  {
    "id": "260dae57-9e83-4014-80cb-b00ca8344512",
    "data": [
      {
        "text": "I want ",
        "userDefined": false
      },
      {
        "text": "2 scoops",
        "alias": "icecream-size",
        "meta": "@icecream-size",
        "userDefined": false
      },
      {
        "text": " ",
        "userDefined": false
      },
      {
        "text": "strawberry",
        "alias": "icecream-flavor",
        "meta": "@icecream-flavor",
        "userDefined": false
      }
    ],
    "isTemplate": false,
    "count": 0,
    "updated": 0
  },
  {
    "id": "743a993c-1586-4ec6-aac9-79101672753f",
    "data": [
      {
        "text": "I want a ",
        "userDefined": false
      },
      {
        "text": "small",
        "alias": "icecream-size",
        "meta": "@icecream-size",
        "userDefined": false
      },
      {
        "text": " ",
        "userDefined": false
      },
      {
        "text": "vanilla",
        "alias": "icecream-flavor",
        "meta": "@icecream-flavor",
        "userDefined": false
      }
    ],
    "isTemplate": false,
    "count": 0,
    "updated": 0
  },
  {
    "id": "1a1773dd-639b-4c1d-90f7-b65df2c12861",
    "data": [
      {
        "text": "i want ice cream",
        "userDefined": false
      }
    ],
    "isTemplate": false,
    "count": 0,
    "updated": 0
  }
]